exp_id,link_test,test_phase,src,dst,seq,time,signal,noise
606062403,1540128,0,23635,23642,3154121947,38306.202699,19,10
606062403,1540128,0,23635,23642,3154121966,38306.2345,20,12
606062403,1540128,0,23635,23642,3154132342,38323.783287,20,12
606062403,1540128,0,23635,23642,3154133133,38325.122104,20,17
606062403,1540128,0,23635,23642,3154133151,38325.147306,20,12
606062403,1540128,0,23635,23642,3154133245,38325.305503,20,11
