exp_id,link_test,test_phase,src,dst,seq,time,signal,noise
606062403,1540127,0,23634,23645,3154166265,37913.317007,15,4
606062403,1540127,0,23634,23645,3154166291,37913.358965,15,4
606062403,1540127,0,23634,23645,3154167780,37915.753031,14,4
