exp_id,link_test,test_phase,src,dst,seq,time,signal,noise
606062403,1540127,0,23634,23751,3154155267,37898.804052,13,0
606062403,1540127,0,23634,23751,3154155285,37898.832546,12,0
606062403,1540127,0,23634,23751,3154159697,37905.925212,12,0
606062403,1540127,0,23634,23751,3154159830,37906.137275,12,0
