exp_id,link_test,test_phase,src,dst,seq,time,signal,noise
606062403,1540131,0,23642,23652,3154126933,39705.419793,17,8
606062403,1540131,0,23642,23652,3154164304,39765.503875,18,9
