exp_id,link_test,test_phase,src,dst,seq,time,signal,noise
606062403,1540114,0,23652,23654,3154117705,31817.625209,17,6
606062403,1540114,0,23652,23654,3154120972,31823.634565,18,6
606062403,1540114,0,23652,23654,3154122843,31827.061362,18,5
606062403,1540114,0,23652,23654,3154127599,31835.803369,17,7
606062403,1540114,0,23652,23654,3154130184,31840.554466,18,8
606062403,1540114,0,23652,23654,3154136607,31852.357559,18,7
606062403,1540114,0,23652,23654,3154144638,31867.123288,17,6
606062403,1540114,0,23652,23654,3154144871,31867.547751,18,6
606062403,1540114,0,23652,23654,3154157849,31891.447644,18,8
