exp_id,link_test,test_phase,src,dst,seq,time,signal,noise
606062403,1540114,0,23652,23638,3154124878,31830.566531,18,6
606062403,1540114,0,23652,23638,3154140540,31859.349273,18,5
606062403,1540114,0,23652,23638,3154143597,31864.971916,18,7
