exp_id,link_test,test_phase,src,dst,seq,time,signal,noise
606062403,1540115,0,23654,23652,3154129028,32300.742588,18,6
606062403,1540115,0,23654,23652,3154167053,32361.867699,19,7
606062403,1540115,0,23654,23652,3154172130,32370.01471,19,7
