exp_id,link_test,test_phase,src,dst,seq,time,signal,noise
606062403,1540135,0,23651,23645,3154139250,41574.372439,14,4
606062403,1540135,0,23651,23645,3154160319,41608.041632,13,4
606062403,1540135,0,23651,23645,3154160338,41608.072002,14,6
606062403,1540135,0,23651,23645,3154160388,41608.150873,14,4
606062403,1540135,0,23651,23645,3154160389,41608.152476,14,4
606062403,1540135,0,23651,23645,3154160394,41608.160232,14,5
606062403,1540135,0,23651,23645,3154160485,41608.305414,14,4
606062403,1540135,0,23651,23645,3154160507,41608.339802,14,4
606062403,1540135,0,23651,23645,3154160572,41608.445869,14,3
