exp_id,link_test,test_phase,src,dst,seq,time,signal,noise
606062403,1540115,0,23654,43220,3154136789,32312.448861,21,0
606062403,1540115,0,23654,43220,3154138891,32315.82163,20,0
