exp_id,link_test,test_phase,src,dst,seq,time,signal,noise
606062403,1540121,0,23744,26093,3154116907,35058.561587,18,13
606062403,1540121,0,23744,26093,3154132807,35084.16488,20,16
606062403,1540121,0,23744,26093,3154150056,35111.924321,18,14
606062403,1540121,0,23744,26093,3154150731,35113.003726,19,15
606062403,1540121,0,23744,26093,3154150791,35113.099395,19,15
606062403,1540121,0,23744,26093,3154150815,35113.138094,18,14
606062403,1540121,0,23744,26093,3154150840,35113.178406,18,14
606062403,1540121,0,23744,26093,3154150870,35113.226276,18,15
