exp_id,link_test,test_phase,src,dst,seq,time,signal,noise
606062403,1540119,0,23741,23635,3154135473,34163.254731,15,6
606062403,1540119,0,23741,23635,3154135771,34163.73432,15,6
606062403,1540119,0,23741,23635,3154137284,34166.273336,15,6
606062403,1540119,0,23741,23635,3154137298,34166.295199,15,10
606062403,1540119,0,23741,23635,3154137527,34166.664743,16,7
606062403,1540119,0,23741,23635,3154137532,34166.67401,16,7
606062403,1540119,0,23741,23635,3154137620,34166.814441,16,7
