exp_id,link_test,test_phase,src,dst,seq,time,signal,noise
606062403,1540118,0,23740,41123,3154127901,33687.273466,16,9
606062403,1540118,0,23740,41123,3154135302,33699.156061,16,9
606062403,1540118,0,23740,41123,3154139962,33706.689058,16,9
606062403,1540118,0,23740,41123,3154139967,33706.696637,16,9
606062403,1540118,0,23740,41123,3154143345,33712.124482,18,10
606062403,1540118,0,23740,41123,3154143347,33712.127695,18,10
