exp_id,link_test,test_phase,src,dst,seq,time,signal,noise
606062403,1540097,0,26093,23741,3154119037,23949.990456,17,9
606062403,1540097,0,26093,23741,3154120014,23951.55141,17,9
606062403,1540097,0,26093,23741,3154120245,23951.921982,17,12
606062403,1540097,0,26093,23741,3154123605,23957.316421,17,11
606062403,1540097,0,26093,23741,3154123684,23957.441745,16,9
606062403,1540097,0,26093,23741,3154139310,23982.529707,17,9
606062403,1540097,0,26093,23741,3154152675,24003.987072,18,10
