exp_id,link_test,test_phase,src,dst,seq,time,signal,noise
606062403,1540100,0,26207,26093,3154120556,25341.630827,18,10
606062403,1540100,0,26207,26093,3154142093,25376.290681,19,14
606062403,1540100,0,26207,26093,3154145692,25382.077139,19,10
606062403,1540100,0,26207,26093,3154145823,25382.285191,19,12
606062403,1540100,0,26207,26093,3154148081,25385.904586,19,11
606062403,1540100,0,26207,26093,3154167850,25417.638322,19,11
