exp_id,link_test,test_phase,src,dst,seq,time,signal,noise
606062403,1540106,0,41109,23651,3154120442,28119.425429,15,5
606062403,1540106,0,41109,23651,3154149423,28166.016174,16,5
606062403,1540106,0,41109,23651,3154149614,28166.323565,17,6
606062403,1540106,0,41109,23651,3154149721,28166.49236,16,6
606062403,1540106,0,41109,23651,3154154661,28174.429312,17,5
606062403,1540106,0,41109,23651,3154156483,28177.363745,17,6
606062403,1540106,0,41109,23651,3154156991,28178.178044,18,7
606062403,1540106,0,41109,23651,3154157950,28179.717499,17,5
606062403,1540106,0,41109,23651,3154162313,28186.733886,17,5
