exp_id,link_test,test_phase,src,dst,seq,time,signal,noise
606062403,1540108,0,41120,23647,3154147652,29088.973053,16,10
606062403,1540108,0,41120,23647,3154147707,29089.060821,16,9
606062403,1540108,0,41120,23647,3154147751,29089.131118,15,9
606062403,1540108,0,41120,23647,3154158643,29106.618433,16,9
