exp_id,link_test,test_phase,src,dst,seq,time,signal,noise
606062403,1540109,0,41123,23647,3154118380,29505.023006,16,10
606062403,1540109,0,41123,23647,3154132569,29527.813199,18,11
606062403,1540109,0,41123,23647,3154140289,29540.202115,18,10
606062403,1540109,0,41123,23647,3154160940,29573.349867,17,9
606062403,1540109,0,41123,23647,3154161871,29574.848667,17,10
606062403,1540109,0,41123,23647,3154165302,29580.356296,17,9
