exp_id,link_test,test_phase,src,dst,seq,time,signal,noise
606062401,360480,0,23635,23744,738199187,38124.716092,13,10
606062401,360480,0,23635,23744,738199193,38124.755939,14,10
606062401,360480,0,23635,23744,738199235,38125.036246,14,11
606062401,360480,0,23635,23744,738200064,38130.526694,13,9
606062401,360480,0,23635,23744,738200532,38133.62664,12,8
606062401,360480,0,23635,23744,738210591,38200.287148,13,10
