exp_id,link_test,test_phase,src,dst,seq,time,signal,noise
606062401,360485,0,23647,43220,738200512,40449.660551,12,0
606062401,360485,0,23647,43220,738208714,40504.011652,13,0
606062401,360485,0,23647,43220,738209259,40507.626713,14,0
