exp_id,link_test,test_phase,src,dst,seq,time,signal,noise
606062401,360484,0,23645,41120,738201534,39996.805763,14,11
606062401,360484,0,23645,41120,738201600,39997.242145,14,18
606062401,360484,0,23645,41120,738201664,39997.664562,15,12
606062401,360484,0,23645,41120,738201668,39997.691043,14,11
