exp_id,link_test,test_phase,src,dst,seq,time,signal,noise
606062401,360482,0,23641,3370,738206330,39099.215729,8,5
606062401,360482,0,23641,3370,738206903,39103.013161,9,6
606062401,360482,0,23641,3370,738206941,39103.263355,9,5
