exp_id,link_test,test_phase,src,dst,seq,time,signal,noise
606062401,360467,0,23654,23638,738206531,32155.425977,8,5
606062401,360467,0,23654,23638,738206574,32155.711449,8,4
606062401,360467,0,23654,23638,738206910,32157.93859,10,6
