exp_id,link_test,test_phase,src,dst,seq,time,signal,noise
606062401,360467,0,23654,41123,738203972,32138.476323,10,0
606062401,360467,0,23654,41123,738204008,32138.714078,8,4
606062401,360467,0,23654,41123,738209561,32175.592021,9,0
606062401,360467,0,23654,41123,738209565,32175.618248,8,0
606062401,360467,0,23654,41123,738210774,32183.629227,8,0
606062401,360467,0,23654,41123,738210782,32183.682419,8,0
