exp_id,link_test,test_phase,src,dst,seq,time,signal,noise
606062401,360449,0,26093,36857,738199465,23774.636096,12,15
606062401,360449,0,26093,36857,738201350,23787.129797,13,10
606062401,360449,0,26093,36857,738201546,23788.425771,10,6
606062401,360449,0,26093,36857,738201570,23788.585287,12,6
606062401,360449,0,26093,36857,738201615,23788.883643,12,6
606062401,360449,0,26093,36857,738207267,23826.336662,10,6
