exp_id,link_test,test_phase,src,dst,seq,time,signal,noise
606062401,360451,0,26206,26207,738200645,24708.475581,10,6
606062401,360451,0,26206,26207,738200757,24709.218765,10,7
606062401,360451,0,26206,26207,738201448,24713.799621,9,6
