exp_id,link_test,test_phase,src,dst,seq,time,signal,noise
606062401,360448,0,44466,43220,738206159,23356.013231,12,6
606062401,360448,0,44466,43220,738206216,23356.393004,12,5
606062401,360448,0,44466,43220,738206344,23357.244989,12,4
606062401,360448,0,44466,43220,738207554,23365.289746,12,6
606062401,360448,0,44466,43220,738207765,23366.688448,12,4
606062401,360448,0,44466,43220,738210001,23381.567479,13,6
