exp_id,link_test,test_phase,src,dst,seq,time,signal,noise
606062402,753697,0,23638,43211,1543506440,38683.65871,15,3
606062402,753697,0,23638,43211,1543509234,38691.389135,18,9
606062402,753697,0,23638,43211,1543509348,38691.694727,18,6
606062402,753697,0,23638,43211,1543528627,38744.613674,16,9
