exp_id,link_test,test_phase,src,dst,seq,time,signal,noise
606062402,753694,0,23633,26093,1543518811,37321.578123,19,16
606062402,753694,0,23633,26093,1543518817,37321.594213,20,18
606062402,753694,0,23633,26093,1543518823,37321.610475,20,16
606062402,753694,0,23633,26093,1543518836,37321.645645,19,16
606062402,753694,0,23633,26093,1543518860,37321.711665,19,16
606062402,753694,0,23633,26093,1543518866,37321.727984,18,15
606062402,753694,0,23633,26093,1543518902,37321.825604,20,18
606062402,753694,0,23633,26093,1543519480,37323.395848,18,15
