exp_id,link_test,test_phase,src,dst,seq,time,signal,noise
606062402,753682,0,23652,23634,1543506241,31730.48064,14,7
606062402,753682,0,23652,23634,1543522972,31775.980227,13,10
