exp_id,link_test,test_phase,src,dst,seq,time,signal,noise
606062402,753684,0,23734,23742,1543515429,32682.391821,10,4
606062402,753684,0,23734,23742,1543515460,32682.474666,8,4
606062402,753684,0,23734,23742,1543515477,32682.52051,11,6
606062402,753684,0,23734,23742,1543515516,32682.626982,8,6
606062402,753684,0,23734,23742,1543515543,32682.700367,9,7
606062402,753684,0,23734,23742,1543515570,32682.77432,11,8
606062402,753684,0,23734,23742,1543515572,32682.7802,10,3
606062402,753684,0,23734,23742,1543515578,32682.79626,11,6
606062402,753684,0,23734,23742,1543515657,32683.011099,9,3
