exp_id,link_test,test_phase,src,dst,seq,time,signal,noise
606062402,753687,0,23741,23647,1543514993,34070.342728,13,11
606062402,753687,0,23741,23647,1543515076,34070.571976,12,9
606062402,753687,0,23741,23647,1543519477,34082.565798,11,9
606062402,753687,0,23741,23647,1543519641,34083.009922,13,9
