exp_id,link_test,test_phase,src,dst,seq,time,signal,noise
606062402,753689,0,23744,23647,1543522336,35016.229691,13,8
606062402,753689,0,23744,23647,1543523301,35018.889609,13,10
606062402,753689,0,23744,23647,1543525776,35025.61875,14,8
606062402,753689,0,23744,23647,1543525787,35025.648042,13,8
606062402,753689,0,23744,23647,1543525800,35025.682041,13,8
606062402,753689,0,23744,23647,1543525829,35025.759138,12,9
606062402,753689,0,23744,23647,1543525847,35025.808497,13,8
