exp_id,link_test,test_phase,src,dst,seq,time,signal,noise
606062402,753704,0,3369,43211,1543513920,41938.272519,10,3
606062402,753704,0,3369,43211,1543514633,41940.207501,7,3
606062402,753704,0,3369,43211,1543517101,41946.913793,10,2
606062402,753704,0,3369,43211,1543517123,41946.973363,7,4
606062402,753704,0,3369,43211,1543517136,41947.009044,8,3
606062402,753704,0,3369,43211,1543518680,41951.20939,8,5
606062402,753704,0,3369,43211,1543523823,41965.178409,7,5
