exp_id,link_test,test_phase,src,dst,seq,time,signal,noise
606062402,753675,0,41112,36878,1543504817,28488.270759,9,5
606062402,753675,0,41112,36878,1543515082,28516.157766,11,15
606062402,753675,0,41112,36878,1543533672,28566.678948,9,5
