exp_id,link_test,test_phase,src,dst,seq,time,signal,noise
606062402,753675,0,41112,23647,1543519627,28528.506979,13,10
606062402,753675,0,41112,23647,1543522283,28535.718698,15,12
606062402,753675,0,41112,23647,1543526544,28547.289177,13,13
