exp_id,link_test,test_phase,src,dst,seq,time,signal,noise
606062402,753676,0,41120,23638,1543518086,28985.866496,12,3
606062402,753676,0,41120,23638,1543518445,28986.835841,12,5
606062402,753676,0,41120,23638,1543522010,28996.521341,13,5
606062402,753676,0,41120,23638,1543522304,28997.318568,13,1
606062402,753676,0,41120,23638,1543524264,29002.644823,12,5
606062402,753676,0,41120,23638,1543524769,29004.020985,12,5
606062402,753676,0,41120,23638,1543529597,29017.123861,11,0
