exp_id,link_test,test_phase,src,dst,seq,time,signal,noise
606062402,753679,0,43211,3369,1543512934,30360.574906,10,6
606062402,753679,0,43211,3369,1543513084,30360.983438,10,6
