exp_id,link_test,test_phase,src,dst,seq,time,signal,noise
606062402,753680,0,43220,41112,1543518443,30837.923052,15,8
606062402,753680,0,43220,41112,1543521611,30846.790329,15,2
