exp_id,link_test,test_phase,src,dst,seq,time,signal,noise
606062402,753664,0,44466,26207,1543514264,23419.343413,20,6
606062402,753664,0,44466,26207,1543514727,23420.612143,20,6
606062402,753664,0,44466,26207,1543527086,23454.527614,19,7
