exp_id,link_test,test_phase,src,dst,seq,time,signal,noise
606062400,229406,0,23633,44466,469763011,37108.71019,10,7
606062400,229406,0,23633,44466,469763053,37109.244416,9,6
606062400,229406,0,23633,44466,469766516,37153.466656,9,10
