exp_id,link_test,test_phase,src,dst,seq,time,signal,noise
606062400,229413,0,23647,41109,469764632,40370.596397,8,5
606062400,229413,0,23647,41109,469764686,40371.285443,9,8
606062400,229413,0,23647,41109,469764701,40371.476461,10,7
