exp_id,link_test,test_phase,src,dst,seq,time,signal,noise
606062400,229412,0,23645,41107,469763753,39898.057654,12,9
606062400,229412,0,23645,41107,469763770,39898.27453,11,9
606062400,229412,0,23645,41107,469763812,39898.812064,11,9
606062400,229412,0,23645,41107,469763837,39899.130009,10,8
606062400,229412,0,23645,41107,469764692,39910.047442,9,7
606062400,229412,0,23645,41107,469764724,39910.456833,11,10
606062400,229412,0,23645,41107,469764858,39912.168025,11,9
