exp_id,link_test,test_phase,src,dst,seq,time,signal,noise
606062400,229413,0,23647,23744,469762360,40341.605696,16,13
606062400,229413,0,23647,23744,469762979,40349.494976,15,11
