exp_id,link_test,test_phase,src,dst,seq,time,signal,noise
606062400,229395,0,23654,23634,469764554,32035.423675,8,6
606062400,229395,0,23654,23634,469764569,32035.614556,8,6
606062400,229395,0,23654,23634,469764570,32035.627183,8,7
606062400,229395,0,23654,23634,469766734,32063.260014,9,6
606062400,229395,0,23654,23634,469766759,32063.578563,7,5
