exp_id,link_test,test_phase,src,dst,seq,time,signal,noise
606062400,229401,0,23744,23654,469762207,34783.50092,9,7
606062400,229401,0,23744,23654,469762617,34788.754435,9,9
606062400,229401,0,23744,23654,469766659,34840.48835,9,8
606062400,229401,0,23744,23654,469767080,34845.867288,9,7
606062400,229401,0,23744,23654,469768418,34862.991229,9,9
