exp_id,link_test,test_phase,src,dst,seq,time,signal,noise
606062400,229380,0,26207,23638,469767147,25121.88723,10,4
606062400,229380,0,26207,23638,469767205,25122.627735,9,7
606062400,229380,0,26207,23638,469767225,25122.882676,7,3
606062400,229380,0,26207,23638,469768073,25133.573642,10,1
606062400,229380,0,26207,23638,469769144,25147.06741,9,8
