exp_id,link_test,test_phase,src,dst,seq,time,signal,noise
606062400,229386,0,41109,23645,469766938,27897.44109,6,3
606062400,229386,0,41109,23645,469766962,27897.734116,6,4
606062400,229386,0,41109,23645,469767018,27898.414588,6,4
606062400,229386,0,41109,23645,469767106,27899.543537,6,3
606062400,229386,0,41109,23645,469767168,27900.335847,6,4
606062400,229386,0,41109,23645,469767282,27901.794256,7,4
606062400,229386,0,41109,23645,469767327,27902.368871,6,4
606062400,229386,0,41109,23645,469767351,27902.674551,6,3
