exp_id,link_test,test_phase,src,dst,seq,time,signal,noise
606062400,229387,0,41112,23752,469762706,28308.336284,15,13
606062400,229387,0,41112,23752,469762794,28309.458016,13,11
