exp_id,link_test,test_phase,src,dst,seq,time,signal,noise
606062400,229388,0,41120,3370,469763884,28785.946777,11,5
606062400,229388,0,41120,3370,469766034,28813.407577,12,6
606062400,229388,0,41120,3370,469767265,28829.126054,12,4
606062400,229388,0,41120,3370,469767367,28830.428753,12,5
