exp_id,link_test,test_phase,src,dst,seq,time,signal,noise
606062400,229389,0,41123,41105,469768035,29301.827564,12,12
606062400,229389,0,41123,41105,469768252,29304.599912,10,8
