exp_id,link_test,test_phase,src,dst,seq,time,signal,noise
606062400,229389,0,41123,23654,469762422,29230.157592,10,8
606062400,229389,0,41123,23654,469762490,29231.027109,11,8
606062400,229389,0,41123,23654,469768181,29303.692892,11,9
606062400,229389,0,41123,23654,469768654,29309.733357,11,8
